{"flutter":{"platforms":{"android":{"default":{"projectId":"mitra-v1-33684","appId":"1:43113716081:android:6a13bf8988ba719457bed0","fileOutput":"android/app/google-services.json"}},"dart":{"lib/firebase_options.dart":{"projectId":"mitra-v1-33684","configurations":{"android":"1:43113716081:android:6a13bf8988ba719457bed0","ios":"1:43113716081:ios:5ec8ff2cb76de55d57bed0","macos":"1:43113716081:ios:5ec8ff2cb76de55d57bed0","web":"1:43113716081:web:483088a516640f6857bed0","windows":"1:43113716081:web:a0aac42087f71e2d57bed0"}}}}}}