{
  "project_info": {
    "project_number": "43113716081",
    "project_id": "mitra-v1-33684",
    "storage_bucket": "mitra-v1-33684.appspot.com"
  },
  "client": [
    {
      "client_info": {
        "mobilesdk_app_id": "1:43113716081:android:6a13bf8988ba719457bed0",
        "android_client_info": {
          "package_name": "com.example.mitra"
        }
      },
      "oauth_client": [],
      "api_key": [
        {
          "current_key": "AIzaSyDPX5Q9HZwzMM55LWxl0XU7UgpqKHrSspI"
        }
      ],
      "services": {
        "appinvite_service": {
          "other_platform_oauth_client": []
        }
      }
    }
  ],
  "configuration_version": "1"
}